{
  "project_info": {
    "project_number": "278569850810",
    "project_id": "tanaman-db09e",
    "storage_bucket": "tanaman-db09e.appspot.com"
  },
  "client": [
    {
      "client_info": {
        "mobilesdk_app_id": "1:278569850810:android:b5b2fd5839cea97affaf83",
        "android_client_info": {
          "package_name": "com.example.tanaman"
        }
      },
      "oauth_client": [
        {
          "client_id": "278569850810-46qli1il3e7q1blco36onbthe25ov2tm.apps.googleusercontent.com",
          "client_type": 3
        }
      ],
      "api_key": [
        {
          "current_key": "AIzaSyA87ivaZiBC8e1LBZhnWy_cBLru6blz-dM"
        }
      ],
      "services": {
        "appinvite_service": {
          "other_platform_oauth_client": [
            {
              "client_id": "278569850810-46qli1il3e7q1blco36onbthe25ov2tm.apps.googleusercontent.com",
              "client_type": 3
            }
          ]
        }
      }
    }
  ],
  "configuration_version": "1"
}